workload,structure,operation,n,m,avg_ms,min_ms,max_ms,std_ms
W1,java.util.ArrayList,get(i) x10000,100,10000,0.031508,0.024957,0.043548,0.008409
W2,java.util.ArrayList,contains x1000,100,1000,0.119430,0.109853,0.132671,0.008362
W3,java.util.ArrayList,insert @ front x1000,100,1000,0.074999,0.071155,0.088360,0.007477
W3,java.util.ArrayList,remove @ front x1000,100,1000,0.089485,0.086758,0.093012,0.003072
W3,java.util.ArrayList,insert @ middle x1000,100,1000,0.095065,0.089286,0.113003,0.010103
W3,java.util.ArrayList,remove @ middle x1000,100,1000,0.114158,0.101336,0.123603,0.008413
W1,java.util.LinkedList,get(i) x10000,100,10000,0.284016,0.268413,0.310494,0.020372
W2,java.util.LinkedList,contains x1000,100,1000,0.231311,0.197748,0.263741,0.023877
W3,java.util.LinkedList,insert @ front x1000,100,1000,0.058143,0.023687,0.068682,0.019313
W3,java.util.LinkedList,remove @ front x1000,100,1000,0.078155,0.060138,0.141589,0.035578
W3,java.util.LinkedList,insert @ middle x1000,100,1000,0.122858,0.115814,0.143167,0.011416
W3,java.util.LinkedList,remove @ middle x1000,100,1000,0.107692,0.104278,0.111510,0.002667
W4,java.util.PriorityQueue,add x n,100,100,0.109797,0.069518,0.224853,0.066253
W4,java.util.PriorityQueue,poll x n,100,100,0.018177,0.017351,0.019309,0.000735
W1,java.util.ArrayList,get(i) x10000,1000,10000,0.028817,0.024812,0.035381,0.003985
W2,java.util.ArrayList,contains x1000,1000,1000,0.610245,0.577624,0.690270,0.045420
W3,java.util.ArrayList,insert @ front x1000,1000,1000,0.129559,0.120580,0.152861,0.013586
W3,java.util.ArrayList,remove @ front x1000,1000,1000,0.097493,0.083622,0.118364,0.017229
W3,java.util.ArrayList,insert @ middle x1000,1000,1000,0.121604,0.099965,0.143826,0.021284
W3,java.util.ArrayList,remove @ middle x1000,1000,1000,0.087441,0.074968,0.104852,0.015615
W1,java.util.LinkedList,get(i) x10000,1000,10000,2.928241,2.873329,2.969731,0.039133
W2,java.util.LinkedList,contains x1000,1000,1000,1.634821,1.462257,1.865379,0.148235
W3,java.util.LinkedList,insert @ front x1000,1000,1000,0.043500,0.024279,0.114849,0.039902
W3,java.util.LinkedList,remove @ front x1000,1000,1000,0.015266,0.014635,0.016993,0.000977
W3,java.util.LinkedList,insert @ middle x1000,1000,1000,0.639031,0.613756,0.685613,0.029140
W3,java.util.LinkedList,remove @ middle x1000,1000,1000,0.613221,0.591003,0.633001,0.016189
W4,java.util.PriorityQueue,add x n,1000,1000,0.346184,0.097967,0.788506,0.328487
W4,java.util.PriorityQueue,poll x n,1000,1000,0.138049,0.101795,0.233773,0.054051
W1,java.util.ArrayList,get(i) x10000,10000,10000,0.125039,0.116679,0.129736,0.004944
W2,java.util.ArrayList,contains x1000,10000,1000,5.630123,5.530205,5.780434,0.117434
W3,java.util.ArrayList,insert @ front x1000,10000,1000,0.926038,0.871935,0.976202,0.039223
W3,java.util.ArrayList,remove @ front x1000,10000,1000,0.879022,0.840040,0.935135,0.037678
W3,java.util.ArrayList,insert @ middle x1000,10000,1000,0.266793,0.250443,0.293230,0.019378
W3,java.util.ArrayList,remove @ middle x1000,10000,1000,0.227710,0.221804,0.246548,0.010555
W1,java.util.LinkedList,get(i) x10000,10000,10000,33.383858,33.121828,33.721952,0.249554
W2,java.util.LinkedList,contains x1000,10000,1000,15.219571,14.409033,16.439279,0.823460
W3,java.util.LinkedList,insert @ front x1000,10000,1000,0.030960,0.024786,0.035956,0.004699
W3,java.util.LinkedList,remove @ front x1000,10000,1000,0.015575,0.014326,0.019903,0.002425
W3,java.util.LinkedList,insert @ middle x1000,10000,1000,6.964660,6.739329,7.221361,0.178080
W3,java.util.LinkedList,remove @ middle x1000,10000,1000,6.744799,6.552093,6.934538,0.143403
W4,java.util.PriorityQueue,add x n,10000,10000,0.495989,0.473870,0.516050,0.017509
W4,java.util.PriorityQueue,poll x n,10000,10000,1.445751,1.403982,1.492953,0.041925
W1,java.util.ArrayList,get(i) x10000,100000,10000,0.333786,0.265589,0.411426,0.070568
W2,java.util.ArrayList,contains x1000,100000,1000,75.320977,59.703744,99.385351,15.262603
W3,java.util.ArrayList,insert @ front x1000,100000,1000,8.244962,8.166955,8.412808,0.099402
W3,java.util.ArrayList,remove @ front x1000,100000,1000,8.175722,8.064237,8.261949,0.081354
W3,java.util.ArrayList,insert @ middle x1000,100000,1000,4.148793,4.123938,4.185793,0.026624
W3,java.util.ArrayList,remove @ middle x1000,100000,1000,4.160671,4.091992,4.349113,0.106458
W1,java.util.LinkedList,get(i) x10000,100000,10000,382.680525,373.325913,394.123901,7.897814
W2,java.util.LinkedList,contains x1000,100000,1000,165.816829,156.490670,182.548226,9.874391
W3,java.util.LinkedList,insert @ front x1000,100000,1000,0.035019,0.030664,0.039582,0.003157
W3,java.util.LinkedList,remove @ front x1000,100000,1000,0.015879,0.015368,0.016437,0.000472
W3,java.util.LinkedList,insert @ middle x1000,100000,1000,77.070113,70.974195,82.436525,5.219260
W3,java.util.LinkedList,remove @ middle x1000,100000,1000,72.547717,69.239899,76.799344,3.638738
W4,java.util.PriorityQueue,add x n,100000,100000,3.416884,3.124125,3.856872,0.296082
W4,java.util.PriorityQueue,poll x n,100000,100000,26.631797,25.879002,27.590469,0.629061
