structure,position,operation,index,n,m,avg_ms,min_ms,max_ms,std_ms,us_per_op,movements,node_visits,predicted_work,ns_per_unit_of_work,restored,theory_per_op
DynamicArray,front,insert,0,100,1000,1.225929,1.160315,1.287177,0.046068,1.23,599500,0,599500,2.04,true,Θ(n − index)
DynamicArray,front,remove,0,100,1000,1.421986,1.243855,1.966360,0.307150,1.42,599500,0,599500,2.37,true,Θ(n − index)
LinkedList,front,insert,0,100,1000,0.042722,0.040293,0.048060,0.003167,0.04,0,1000,1000,42.7,true,Θ(1)
LinkedList,front,remove,0,100,1000,0.051422,0.043827,0.074055,0.012902,0.05,0,1000,1000,51.4,true,Θ(1)
DynamicArray,middle,insert,50,100,1000,1.126067,1.075680,1.210221,0.059295,1.13,549500,0,549500,2.05,true,Θ(n − index)
DynamicArray,middle,remove,50,100,1000,1.203335,1.144458,1.231179,0.036071,1.20,549500,0,549500,2.19,true,Θ(n − index)
LinkedList,middle,insert,50,100,1000,0.077947,0.075905,0.079903,0.001779,0.08,0,50999,50999,1.53,true,"Θ(min(index, n−index))"
LinkedList,middle,remove,50,100,1000,0.101490,0.091107,0.126408,0.015051,0.10,0,51000,51000,1.99,true,"Θ(min(index, n−index))"
DynamicArray,front,insert,0,1000,1000,2.975791,2.915985,3.014671,0.044630,2.98,1499500,0,1499500,1.98,true,Θ(n − index)
DynamicArray,front,remove,0,1000,1000,3.241048,3.125421,3.386572,0.102117,3.24,1499500,0,1499500,2.16,true,Θ(n − index)
LinkedList,front,insert,0,1000,1000,0.054838,0.042562,0.072020,0.015231,0.05,0,1000,1000,54.8,true,Θ(1)
LinkedList,front,remove,0,1000,1000,0.049212,0.044233,0.065893,0.009338,0.05,0,1000,1000,49.2,true,Θ(1)
DynamicArray,middle,insert,500,1000,1000,1.388755,1.220736,1.873022,0.272603,1.39,999500,0,999500,1.39,true,Θ(n − index)
DynamicArray,middle,remove,500,1000,1000,1.564485,1.286917,2.202550,0.396634,1.56,999500,0,999500,1.57,true,Θ(n − index)
LinkedList,middle,insert,500,1000,1000,0.660985,0.629841,0.709768,0.030739,0.66,0,500999,500999,1.32,true,"Θ(min(index, n−index))"
LinkedList,middle,remove,500,1000,1000,0.651619,0.623688,0.695547,0.026457,0.65,0,501000,501000,1.30,true,"Θ(min(index, n−index))"
DynamicArray,front,insert,0,10000,1000,13.329360,13.085400,13.971545,0.368330,13.3,10499500,0,10499500,1.27,true,Θ(n − index)
DynamicArray,front,remove,0,10000,1000,13.269770,12.909699,14.001986,0.427146,13.3,10499500,0,10499500,1.26,true,Θ(n − index)
LinkedList,front,insert,0,10000,1000,0.090592,0.048104,0.235024,0.081165,0.09,0,1000,1000,90.6,true,Θ(1)
LinkedList,front,remove,0,10000,1000,0.059527,0.044481,0.103970,0.025339,0.06,0,1000,1000,59.5,true,Θ(1)
DynamicArray,middle,insert,5000,10000,1000,8.402623,6.870079,10.901978,1.830529,8.40,5499500,0,5499500,1.53,true,Θ(n − index)
DynamicArray,middle,remove,5000,10000,1000,6.898736,6.738214,6.998888,0.099918,6.90,5499500,0,5499500,1.25,true,Θ(n − index)
LinkedList,middle,insert,5000,10000,1000,7.704800,7.378024,8.439699,0.430155,7.70,0,5000999,5000999,1.54,true,"Θ(min(index, n−index))"
LinkedList,middle,remove,5000,10000,1000,6.842497,6.533517,7.505442,0.401052,6.84,0,5001000,5001000,1.37,true,"Θ(min(index, n−index))"
DynamicArray,front,insert,0,100000,1000,129.791058,127.468011,136.579153,3.865653,130,100499500,0,100499500,1.29,true,Θ(n − index)
DynamicArray,front,remove,0,100000,1000,131.192527,127.402632,136.873950,3.577370,131,100499500,0,100499500,1.31,true,Θ(n − index)
LinkedList,front,insert,0,100000,1000,0.021037,0.018749,0.022476,0.001411,0.02,0,1000,1000,21.0,true,Θ(1)
LinkedList,front,remove,0,100000,1000,0.006462,0.006301,0.006729,0.000164,0.01,0,1000,1000,6.46,true,Θ(1)
DynamicArray,middle,insert,50000,100000,1000,69.200696,62.869362,92.914582,13.264875,69.2,50499500,0,50499500,1.37,true,Θ(n − index)
DynamicArray,middle,remove,50000,100000,1000,67.804037,63.052884,81.737104,7.905359,67.8,50499500,0,50499500,1.34,true,Θ(n − index)
LinkedList,middle,insert,50000,100000,1000,82.032755,77.013470,93.181107,6.459249,82.0,0,50000999,50000999,1.64,true,"Θ(min(index, n−index))"
LinkedList,middle,remove,50000,100000,1000,71.615310,69.448424,78.580182,3.954760,71.6,0,50001000,50001000,1.43,true,"Θ(min(index, n−index))"
